gene	both_parental_sides_high_effect	segregation_flag	paternal_high_effect_variant_count	maternal_high_effect_variant_count	total_high_effect_variant_count	paternal_variant_ids	maternal_variant_ids	paternal_loci	maternal_loci	paternal_effects	maternal_effects	interpretation_boundary
CCHCR1	true	BIPARENTAL_HIGH_EFFECT_LURE	1	1	2	rs72856718	rs115419545	6:31125257 C>A	6:31124849 C>T	STOP_GAINED	STOP_GAINED	NO_DIAGNOSIS; segregation side is not molecular phase; no rarity or pathogenicity inferred
OR1B1	true	BIPARENTAL_HIGH_EFFECT_LURE	1	1	2	rs72541201	rs1476860	9:125391770 C>CA	9:125391241 G>A	FRAME_SHIFT	STOP_GAINED	NO_DIAGNOSIS; segregation side is not molecular phase; no rarity or pathogenicity inferred
RBM23	false	MATERNAL_ONLY_HIGH_EFFECT	0	2	2		.		14:23371267 CA>C;14:23371269 GCA>G		FRAME_SHIFT	NO_DIAGNOSIS; segregation side is not molecular phase; no rarity or pathogenicity inferred
TMEM216	false	MATERNAL_ONLY_HIGH_EFFECT	0	2	2		rs10897158;rs11382548		11:61165731 C>CA;11:61165741 G>C		SPLICE_SITE_ACCEPTOR	NO_DIAGNOSIS; segregation side is not molecular phase; no rarity or pathogenicity inferred
ARMS2	false	MATERNAL_ONLY_HIGH_EFFECT	0	1	1		rs2736911		10:124214355 C>T		STOP_GAINED	NO_DIAGNOSIS; segregation side is not molecular phase; no rarity or pathogenicity inferred
BAGE2	false	MATERNAL_ONLY_HIGH_EFFECT	0	1	1		rs138714104		21:11029596 AC>A		SPLICE_SITE_DONOR	NO_DIAGNOSIS; segregation side is not molecular phase; no rarity or pathogenicity inferred
BAGE3	false	MATERNAL_ONLY_HIGH_EFFECT	0	1	1		rs138714104		21:11029596 AC>A		SPLICE_SITE_DONOR	NO_DIAGNOSIS; segregation side is not molecular phase; no rarity or pathogenicity inferred
BDKRB1	false	MATERNAL_ONLY_HIGH_EFFECT	0	1	1		.		14:96730313 G>A		STOP_GAINED	NO_DIAGNOSIS; segregation side is not molecular phase; no rarity or pathogenicity inferred
BPIFA2	false	PATERNAL_ONLY_HIGH_EFFECT	1	0	1	rs17124277		20:31756954 G>A		START_LOST		NO_DIAGNOSIS; segregation side is not molecular phase; no rarity or pathogenicity inferred
C10orf68	false	MATERNAL_ONLY_HIGH_EFFECT	0	1	1		.		10:33136818 TAA>T		FRAME_SHIFT	NO_DIAGNOSIS; segregation side is not molecular phase; no rarity or pathogenicity inferred
C17orf77	false	MATERNAL_ONLY_HIGH_EFFECT	0	1	1		rs545652		17:72588806 C>A		STOP_GAINED	NO_DIAGNOSIS; segregation side is not molecular phase; no rarity or pathogenicity inferred
C5orf20	false	MATERNAL_ONLY_HIGH_EFFECT	0	1	1		rs12520799		5:134782450 T>A		STOP_GAINED	NO_DIAGNOSIS; segregation side is not molecular phase; no rarity or pathogenicity inferred
CCDC103	false	MATERNAL_ONLY_HIGH_EFFECT	0	1	1		rs74349463		17:42979026 T>C		SPLICE_SITE_DONOR	NO_DIAGNOSIS; segregation side is not molecular phase; no rarity or pathogenicity inferred
CCDC66	false	MATERNAL_ONLY_HIGH_EFFECT	0	1	1		.		3:56653839 CTG>C		FRAME_SHIFT	NO_DIAGNOSIS; segregation side is not molecular phase; no rarity or pathogenicity inferred
CCDC7	false	PATERNAL_ONLY_HIGH_EFFECT	1	0	1	.		10:32740798 C>CT		FRAME_SHIFT		NO_DIAGNOSIS; segregation side is not molecular phase; no rarity or pathogenicity inferred
CELA1	false	MATERNAL_ONLY_HIGH_EFFECT	0	1	1		rs60311818		12:51723598 A>AG		FRAME_SHIFT	NO_DIAGNOSIS; segregation side is not molecular phase; no rarity or pathogenicity inferred
CENPN	false	PATERNAL_ONLY_HIGH_EFFECT	1	0	1	rs3743503		16:81056441 T>G		STOP_LOST		NO_DIAGNOSIS; segregation side is not molecular phase; no rarity or pathogenicity inferred
COPZ1	false	PATERNAL_ONLY_HIGH_EFFECT	1	0	1	rs11170877		12:54734289 A>G		START_LOST		NO_DIAGNOSIS; segregation side is not molecular phase; no rarity or pathogenicity inferred
DDX56	false	PATERNAL_ONLY_HIGH_EFFECT	1	0	1	.		7:44610376 G>A		STOP_GAINED		NO_DIAGNOSIS; segregation side is not molecular phase; no rarity or pathogenicity inferred
DNAJB7	false	PATERNAL_ONLY_HIGH_EFFECT	1	0	1	.		22:41257834 T>TA		FRAME_SHIFT		NO_DIAGNOSIS; segregation side is not molecular phase; no rarity or pathogenicity inferred
EFCAB13	false	MATERNAL_ONLY_HIGH_EFFECT	0	1	1		rs118004742		17:45468858 T>G		STOP_GAINED	NO_DIAGNOSIS; segregation side is not molecular phase; no rarity or pathogenicity inferred
EMR1	false	PATERNAL_ONLY_HIGH_EFFECT	1	0	1	rs330880		19:6897464 C>G		SPLICE_SITE_DONOR		NO_DIAGNOSIS; segregation side is not molecular phase; no rarity or pathogenicity inferred
ENPP1	false	MATERNAL_ONLY_HIGH_EFFECT	0	1	1		.		6:132203615 G>A		SPLICE_SITE_DONOR	NO_DIAGNOSIS; segregation side is not molecular phase; no rarity or pathogenicity inferred
FAM218A	false	PATERNAL_ONLY_HIGH_EFFECT	1	0	1	.		4:165878621 G>A		STOP_GAINED		NO_DIAGNOSIS; segregation side is not molecular phase; no rarity or pathogenicity inferred
FAM228A	false	PATERNAL_ONLY_HIGH_EFFECT	1	0	1	.		2:24413293 CA>C		FRAME_SHIFT		NO_DIAGNOSIS; segregation side is not molecular phase; no rarity or pathogenicity inferred
FBXL21	false	MATERNAL_ONLY_HIGH_EFFECT	0	1	1		rs35444976		5:135272373 C>CA		FRAME_SHIFT	NO_DIAGNOSIS; segregation side is not molecular phase; no rarity or pathogenicity inferred
FBXO7	false	PATERNAL_ONLY_HIGH_EFFECT	1	0	1	rs11107		22:32875190 G>A		START_LOST		NO_DIAGNOSIS; segregation side is not molecular phase; no rarity or pathogenicity inferred
FLG2	false	PATERNAL_ONLY_HIGH_EFFECT	1	0	1	rs12568784		1:152323132 G>T		STOP_GAINED		NO_DIAGNOSIS; segregation side is not molecular phase; no rarity or pathogenicity inferred
HSD17B13	false	PATERNAL_ONLY_HIGH_EFFECT	1	0	1	rs35784587		4:88231392 T>TA		SPLICE_SITE_DONOR		NO_DIAGNOSIS; segregation side is not molecular phase; no rarity or pathogenicity inferred
IDO2	false	MATERNAL_ONLY_HIGH_EFFECT	0	1	1		rs4503083		8:39872935 T>A		STOP_GAINED	NO_DIAGNOSIS; segregation side is not molecular phase; no rarity or pathogenicity inferred
KIAA1841	false	MATERNAL_ONLY_HIGH_EFFECT	0	1	1		rs142269591		2:61361325 TG>T		FRAME_SHIFT	NO_DIAGNOSIS; segregation side is not molecular phase; no rarity or pathogenicity inferred
KRTAP13-2	false	PATERNAL_ONLY_HIGH_EFFECT	1	0	1	rs877346		21:31744127 A>T		STOP_GAINED		NO_DIAGNOSIS; segregation side is not molecular phase; no rarity or pathogenicity inferred
LAIR2	false	MATERNAL_ONLY_HIGH_EFFECT	0	1	1		rs61737751		19:55019261 C>T		STOP_GAINED	NO_DIAGNOSIS; segregation side is not molecular phase; no rarity or pathogenicity inferred
MUC20	false	MATERNAL_ONLY_HIGH_EFFECT	0	1	1		rs144288174		3:195453017 GC>G		FRAME_SHIFT	NO_DIAGNOSIS; segregation side is not molecular phase; no rarity or pathogenicity inferred
NFU1	false	PATERNAL_ONLY_HIGH_EFFECT	1	0	1	rs4453725		2:69659126 A>T		START_LOST		NO_DIAGNOSIS; segregation side is not molecular phase; no rarity or pathogenicity inferred
NPPA	false	PATERNAL_ONLY_HIGH_EFFECT	1	0	1	rs5065		1:11906068 A>G		STOP_LOST		NO_DIAGNOSIS; segregation side is not molecular phase; no rarity or pathogenicity inferred
OPRM1	false	MATERNAL_ONLY_HIGH_EFFECT	0	1	1		rs34427887		6:154567863 C>T		STOP_GAINED	NO_DIAGNOSIS; segregation side is not molecular phase; no rarity or pathogenicity inferred
OR2G6	false	MATERNAL_ONLY_HIGH_EFFECT	0	1	1		.		1:248685789 T>TC		FRAME_SHIFT	NO_DIAGNOSIS; segregation side is not molecular phase; no rarity or pathogenicity inferred
OR2V2	false	MATERNAL_ONLY_HIGH_EFFECT	0	1	1		rs140598308		5:180582256 TTGTC>T		FRAME_SHIFT	NO_DIAGNOSIS; segregation side is not molecular phase; no rarity or pathogenicity inferred
OR4X1	false	PATERNAL_ONLY_HIGH_EFFECT	1	0	1	rs10838851		11:48286231 T>A		STOP_GAINED		NO_DIAGNOSIS; segregation side is not molecular phase; no rarity or pathogenicity inferred
OR4X2	false	PATERNAL_ONLY_HIGH_EFFECT	1	0	1	rs7120775		11:48266736 C>G		STOP_GAINED		NO_DIAGNOSIS; segregation side is not molecular phase; no rarity or pathogenicity inferred
OR51F1	false	MATERNAL_ONLY_HIGH_EFFECT	0	1	1		rs34672924		11:4790873 CG>C		FRAME_SHIFT	NO_DIAGNOSIS; segregation side is not molecular phase; no rarity or pathogenicity inferred
OR52B4	false	MATERNAL_ONLY_HIGH_EFFECT	0	1	1		rs74427348		11:4389404 AG>A		FRAME_SHIFT	NO_DIAGNOSIS; segregation side is not molecular phase; no rarity or pathogenicity inferred
OR52E8	false	PATERNAL_ONLY_HIGH_EFFECT	1	0	1	rs12419602		11:5877979 T>A		STOP_LOST		NO_DIAGNOSIS; segregation side is not molecular phase; no rarity or pathogenicity inferred
OR6C76	false	PATERNAL_ONLY_HIGH_EFFECT	1	0	1	rs57387180		12:55820958 CA>C		FRAME_SHIFT		NO_DIAGNOSIS; segregation side is not molecular phase; no rarity or pathogenicity inferred
PCDHGA8	false	PATERNAL_ONLY_HIGH_EFFECT	1	0	1	rs3214276		5:140772898 GC>G		FRAME_SHIFT		NO_DIAGNOSIS; segregation side is not molecular phase; no rarity or pathogenicity inferred
PLA2G2C	false	MATERNAL_ONLY_HIGH_EFFECT	0	1	1		rs12139100		1:20501582 G>A		STOP_GAINED	NO_DIAGNOSIS; segregation side is not molecular phase; no rarity or pathogenicity inferred
POLR3C	false	PATERNAL_ONLY_HIGH_EFFECT	1	0	1	.		1:145606274 C>T		SPLICE_SITE_DONOR		NO_DIAGNOSIS; segregation side is not molecular phase; no rarity or pathogenicity inferred
PRAMEF4	false	PATERNAL_ONLY_HIGH_EFFECT	1	0	1	.		1:12939546 C>CG		FRAME_SHIFT		NO_DIAGNOSIS; segregation side is not molecular phase; no rarity or pathogenicity inferred
PSORS1C1	false	PATERNAL_ONLY_HIGH_EFFECT	1	0	1	rs111966729		6:31106500 T>TC		FRAME_SHIFT		NO_DIAGNOSIS; segregation side is not molecular phase; no rarity or pathogenicity inferred
PTCHD3	false	PATERNAL_ONLY_HIGH_EFFECT	1	0	1	rs112067123		10:27702256 G>GC		FRAME_SHIFT		NO_DIAGNOSIS; segregation side is not molecular phase; no rarity or pathogenicity inferred
PYGL	false	MATERNAL_ONLY_HIGH_EFFECT	0	1	1		rs11356035		14:51378590 CT>C		SPLICE_SITE_ACCEPTOR	NO_DIAGNOSIS; segregation side is not molecular phase; no rarity or pathogenicity inferred
RHBG	false	MATERNAL_ONLY_HIGH_EFFECT	0	1	1		rs11303415		1:156354347 TC>T		SPLICE_SITE_ACCEPTOR;SPLICE_SITE_DONOR	NO_DIAGNOSIS; segregation side is not molecular phase; no rarity or pathogenicity inferred
SIGLEC12	false	MATERNAL_ONLY_HIGH_EFFECT	0	1	1		rs67024588		19:52004791 G>GC		FRAME_SHIFT	NO_DIAGNOSIS; segregation side is not molecular phase; no rarity or pathogenicity inferred
SLC3A1	false	MATERNAL_ONLY_HIGH_EFFECT	0	1	1		rs146761937		2:44528267 GT>G		SPLICE_SITE_DONOR	NO_DIAGNOSIS; segregation side is not molecular phase; no rarity or pathogenicity inferred
SPAG11A	false	MATERNAL_ONLY_HIGH_EFFECT	0	1	1		.		8:7718227 C>CT		FRAME_SHIFT	NO_DIAGNOSIS; segregation side is not molecular phase; no rarity or pathogenicity inferred
STPG1	false	MATERNAL_ONLY_HIGH_EFFECT	0	1	1		rs12090888		1:24710405 A>G		START_LOST	NO_DIAGNOSIS; segregation side is not molecular phase; no rarity or pathogenicity inferred
TEX26	false	PATERNAL_ONLY_HIGH_EFFECT	1	0	1	rs12857479		13:31531009 G>A		SPLICE_SITE_ACCEPTOR		NO_DIAGNOSIS; segregation side is not molecular phase; no rarity or pathogenicity inferred
TLR5	false	MATERNAL_ONLY_HIGH_EFFECT	0	1	1		rs5744168		1:223285200 G>A		STOP_GAINED	NO_DIAGNOSIS; segregation side is not molecular phase; no rarity or pathogenicity inferred
TPSD1	false	MATERNAL_ONLY_HIGH_EFFECT	0	1	1		rs3830782		16:1306559 AG>A		FRAME_SHIFT	NO_DIAGNOSIS; segregation side is not molecular phase; no rarity or pathogenicity inferred
TRPM1	false	PATERNAL_ONLY_HIGH_EFFECT	1	0	1	rs3784589		15:31294714 C>A		STOP_GAINED		NO_DIAGNOSIS; segregation side is not molecular phase; no rarity or pathogenicity inferred
VPS11	false	PATERNAL_ONLY_HIGH_EFFECT	1	0	1	rs36008744		11:118949277 C>G		STOP_GAINED		NO_DIAGNOSIS; segregation side is not molecular phase; no rarity or pathogenicity inferred
ZNF480	false	MATERNAL_ONLY_HIGH_EFFECT	0	1	1		rs3217319		19:52803669 CTG>C		FRAME_SHIFT	NO_DIAGNOSIS; segregation side is not molecular phase; no rarity or pathogenicity inferred
ZNF675	false	PATERNAL_ONLY_HIGH_EFFECT	1	0	1	.		19:23844937 CA>C		FRAME_SHIFT		NO_DIAGNOSIS; segregation side is not molecular phase; no rarity or pathogenicity inferred
ZP3	false	MATERNAL_ONLY_HIGH_EFFECT	0	1	1		.		7:76069617 TG>T		FRAME_SHIFT	NO_DIAGNOSIS; segregation side is not molecular phase; no rarity or pathogenicity inferred
