variant_key	chrom	pos	id	ref	alt	gene	transcript	effect	effect_impact	segregation_side	case_sample	father_sample	mother_sample	sibling_sample	case_gt	father_gt	mother_gt	sibling_gt	case_dp	father_dp	mother_dp	sibling_dp	case_gq	father_gq	mother_gq	sibling_gq	passes_dp_gq	passes_carrier_logic	gene_both_parental_sides_high_effect	segregation_flag
GRCh37/b37:1:11906068:A:G	1	11906068	rs5065	A	G	NPPA	NM_006172.3	STOP_LOST	HIGH	paternal	ISDBM322015	ISDBM322016	ISDBM322018	ISDBM322017	0/1	0/1	0/0	0/0	57	24	21	18	99	99	60	54	true	true	false	PATERNAL_ONLY_HIGH_EFFECT
GRCh37/b37:1:12939546:C:CG	1	12939546	.	C	CG	PRAMEF4	NM_001009611.2	FRAME_SHIFT	HIGH	paternal	ISDBM322015	ISDBM322016	ISDBM322018	ISDBM322017	0/1	0/1	0/0	0/0	132	113	132	121	99	99	99	99	true	true	false	PATERNAL_ONLY_HIGH_EFFECT
GRCh37/b37:1:20501582:G:A	1	20501582	rs12139100	G	A	PLA2G2C	NM_001105572.1	STOP_GAINED	HIGH	maternal	ISDBM322015	ISDBM322016	ISDBM322018	ISDBM322017	0/1	0/0	0/1	0/1	45	47	53	50	99	99	99	99	true	true	false	MATERNAL_ONLY_HIGH_EFFECT
GRCh37/b37:1:24710405:A:G	1	24710405	rs12090888	A	G	STPG1	NM_001199014.1	START_LOST	HIGH	maternal	ISDBM322015	ISDBM322016	ISDBM322018	ISDBM322017	0/1	0/0	0/1	0/1	89	52	44	57	99	99	99	99	true	true	false	MATERNAL_ONLY_HIGH_EFFECT
GRCh37/b37:1:145606274:C:T	1	145606274	.	C	T	POLR3C	NM_006468.6	SPLICE_SITE_DONOR	HIGH	paternal	ISDBM322015	ISDBM322016	ISDBM322018	ISDBM322017	0/1	0/1	0/0	0/1	37	20	29	27	99	99	84	99	true	true	false	PATERNAL_ONLY_HIGH_EFFECT
GRCh37/b37:1:152323132:G:T	1	152323132	rs12568784	G	T	FLG2	NM_001014342.2	STOP_GAINED	HIGH	paternal	ISDBM322015	ISDBM322016	ISDBM322018	ISDBM322017	0/1	0/1	0/0	0/1	60	43	31	40	99	99	93	99	true	true	false	PATERNAL_ONLY_HIGH_EFFECT
GRCh37/b37:1:156354347:TC:T	1	156354347	rs11303415	TC	T	RHBG	NM_001256395.1	SPLICE_SITE_ACCEPTOR	HIGH	maternal	ISDBM322015	ISDBM322016	ISDBM322018	ISDBM322017	0/1	0/0	0/1	0/1	59	19	18	18	99	54	94	99	true	true	false	MATERNAL_ONLY_HIGH_EFFECT
GRCh37/b37:1:156354347:TC:T	1	156354347	rs11303415	TC	T	RHBG	NM_001256396.1	SPLICE_SITE_ACCEPTOR	HIGH	maternal	ISDBM322015	ISDBM322016	ISDBM322018	ISDBM322017	0/1	0/0	0/1	0/1	59	19	18	18	99	54	94	99	true	true	false	MATERNAL_ONLY_HIGH_EFFECT
GRCh37/b37:1:156354347:TC:T	1	156354347	rs11303415	TC	T	RHBG	NM_020407.4	SPLICE_SITE_ACCEPTOR	HIGH	maternal	ISDBM322015	ISDBM322016	ISDBM322018	ISDBM322017	0/1	0/0	0/1	0/1	59	19	18	18	99	54	94	99	true	true	false	MATERNAL_ONLY_HIGH_EFFECT
GRCh37/b37:1:156354347:TC:T	1	156354347	rs11303415	TC	T	RHBG	NM_001256395.1	SPLICE_SITE_DONOR	HIGH	maternal	ISDBM322015	ISDBM322016	ISDBM322018	ISDBM322017	0/1	0/0	0/1	0/1	59	19	18	18	99	54	94	99	true	true	false	MATERNAL_ONLY_HIGH_EFFECT
GRCh37/b37:1:156354347:TC:T	1	156354347	rs11303415	TC	T	RHBG	NM_001256396.1	SPLICE_SITE_DONOR	HIGH	maternal	ISDBM322015	ISDBM322016	ISDBM322018	ISDBM322017	0/1	0/0	0/1	0/1	59	19	18	18	99	54	94	99	true	true	false	MATERNAL_ONLY_HIGH_EFFECT
GRCh37/b37:1:156354347:TC:T	1	156354347	rs11303415	TC	T	RHBG	NM_020407.4	SPLICE_SITE_DONOR	HIGH	maternal	ISDBM322015	ISDBM322016	ISDBM322018	ISDBM322017	0/1	0/0	0/1	0/1	59	19	18	18	99	54	94	99	true	true	false	MATERNAL_ONLY_HIGH_EFFECT
GRCh37/b37:1:223285200:G:A	1	223285200	rs5744168	G	A	TLR5	NM_003268.5	STOP_GAINED	HIGH	maternal	ISDBM322015	ISDBM322016	ISDBM322018	ISDBM322017	0/1	0/0	0/1	0/0	38	45	39	34	99	99	99	99	true	true	false	MATERNAL_ONLY_HIGH_EFFECT
GRCh37/b37:1:248685789:T:TC	1	248685789	.	T	TC	OR2G6	NM_001013355.1	FRAME_SHIFT	HIGH	maternal	ISDBM322015	ISDBM322016	ISDBM322018	ISDBM322017	0/1	0/0	0/1	0/0	33	27	28	39	99	81	99	99	true	true	false	MATERNAL_ONLY_HIGH_EFFECT
GRCh37/b37:2:24413293:CA:C	2	24413293	.	CA	C	FAM228A	NM_001040710.1	FRAME_SHIFT	HIGH	paternal	ISDBM322015	ISDBM322016	ISDBM322018	ISDBM322017	0/1	0/1	0/0	0/0	22	24	16	17	99	99	45	51	true	true	false	PATERNAL_ONLY_HIGH_EFFECT
GRCh37/b37:2:44528267:GT:G	2	44528267	rs146761937	GT	G	SLC3A1	NM_000341.3	SPLICE_SITE_DONOR	HIGH	maternal	ISDBM322015	ISDBM322016	ISDBM322018	ISDBM322017	0/1	0/0	0/1	0/1	23	10	11	12	99	27	99	99	true	true	false	MATERNAL_ONLY_HIGH_EFFECT
GRCh37/b37:2:61361325:TG:T	2	61361325	rs142269591	TG	T	KIAA1841	NM_032506.2	FRAME_SHIFT	HIGH	maternal	ISDBM322015	ISDBM322016	ISDBM322018	ISDBM322017	0/1	0/0	0/1	0/1	10	17	15	14	99	51	99	99	true	true	false	MATERNAL_ONLY_HIGH_EFFECT
GRCh37/b37:2:69659126:A:T	2	69659126	rs4453725	A	T	NFU1	NM_015700.3	START_LOST	HIGH	paternal	ISDBM322015	ISDBM322016	ISDBM322018	ISDBM322017	0/1	0/1	0/0	0/0	33	21	15	18	99	99	45	54	true	true	false	PATERNAL_ONLY_HIGH_EFFECT
GRCh37/b37:3:56653839:CTG:C	3	56653839	.	CTG	C	CCDC66	NM_001012506.4	FRAME_SHIFT	HIGH	maternal	ISDBM322015	ISDBM322016	ISDBM322018	ISDBM322017	0/1	0/0	0/1	0/1	97	78	79	76	99	99	99	99	true	true	false	MATERNAL_ONLY_HIGH_EFFECT
GRCh37/b37:3:56653839:CTG:C	3	56653839	.	CTG	C	CCDC66	NM_001141947.1	FRAME_SHIFT	HIGH	maternal	ISDBM322015	ISDBM322016	ISDBM322018	ISDBM322017	0/1	0/0	0/1	0/1	97	78	79	76	99	99	99	99	true	true	false	MATERNAL_ONLY_HIGH_EFFECT
GRCh37/b37:3:195453017:GC:G	3	195453017	rs144288174	GC	G	MUC20	NM_001098516.1	FRAME_SHIFT	HIGH	maternal	ISDBM322015	ISDBM322016	ISDBM322018	ISDBM322017	0/1	0/0	0/1	0/1	22	34	18	27	99	99	99	99	true	true	false	MATERNAL_ONLY_HIGH_EFFECT
GRCh37/b37:3:195453017:GC:G	3	195453017	rs144288174	GC	G	MUC20	NM_152673.2	FRAME_SHIFT	HIGH	maternal	ISDBM322015	ISDBM322016	ISDBM322018	ISDBM322017	0/1	0/0	0/1	0/1	22	34	18	27	99	99	99	99	true	true	false	MATERNAL_ONLY_HIGH_EFFECT
GRCh37/b37:4:88231392:T:TA	4	88231392	rs35784587	T	TA	HSD17B13	NM_001136230.1	SPLICE_SITE_DONOR	HIGH	paternal	ISDBM322015	ISDBM322016	ISDBM322018	ISDBM322017	0/1	1/1	0/0	0/1	22	29	36	36	99	84	99	99	true	true	false	PATERNAL_ONLY_HIGH_EFFECT
GRCh37/b37:4:88231392:T:TA	4	88231392	rs35784587	T	TA	HSD17B13	NM_178135.3	SPLICE_SITE_DONOR	HIGH	paternal	ISDBM322015	ISDBM322016	ISDBM322018	ISDBM322017	0/1	1/1	0/0	0/1	22	29	36	36	99	84	99	99	true	true	false	PATERNAL_ONLY_HIGH_EFFECT
GRCh37/b37:4:165878621:G:A	4	165878621	.	G	A	FAM218A	NM_153027.1	STOP_GAINED	HIGH	paternal	ISDBM322015	ISDBM322016	ISDBM322018	ISDBM322017	0/1	0/1	0/0	0/0	32	17	18	22	99	99	51	66	true	true	false	PATERNAL_ONLY_HIGH_EFFECT
GRCh37/b37:5:134782450:T:A	5	134782450	rs12520799	T	A	C5orf20	NM_130848.2	STOP_GAINED	HIGH	maternal	ISDBM322015	ISDBM322016	ISDBM322018	ISDBM322017	0/1	0/0	1/1	0/1	104	43	39	38	99	99	99	99	true	true	false	MATERNAL_ONLY_HIGH_EFFECT
GRCh37/b37:5:135272373:C:CA	5	135272373	rs35444976	C	CA	FBXL21	NM_012159.4	FRAME_SHIFT	HIGH	maternal	ISDBM322015	ISDBM322016	ISDBM322018	ISDBM322017	0/1	0/0	0/1	0/0	67	48	59	48	99	99	99	99	true	true	false	MATERNAL_ONLY_HIGH_EFFECT
GRCh37/b37:5:140772898:GC:G	5	140772898	rs3214276	GC	G	PCDHGA8	NM_014004.2	FRAME_SHIFT	HIGH	paternal	ISDBM322015	ISDBM322016	ISDBM322018	ISDBM322017	0/1	0/1	0/0	0/1	81	50	43	58	99	99	99	99	true	true	false	PATERNAL_ONLY_HIGH_EFFECT
GRCh37/b37:5:140772898:GC:G	5	140772898	rs3214276	GC	G	PCDHGA8	NM_032088.1	FRAME_SHIFT	HIGH	paternal	ISDBM322015	ISDBM322016	ISDBM322018	ISDBM322017	0/1	0/1	0/0	0/1	81	50	43	58	99	99	99	99	true	true	false	PATERNAL_ONLY_HIGH_EFFECT
GRCh37/b37:5:180582256:TTGTC:T	5	180582256	rs140598308	TTGTC	T	OR2V2	NM_206880.1	FRAME_SHIFT	HIGH	maternal	ISDBM322015	ISDBM322016	ISDBM322018	ISDBM322017	0/1	0/0	0/1	0/1	63	37	22	22	99	96	99	99	true	true	false	MATERNAL_ONLY_HIGH_EFFECT
GRCh37/b37:6:31106500:T:TC	6	31106500	rs111966729	T	TC	PSORS1C1	NM_014068.2	FRAME_SHIFT	HIGH	paternal	ISDBM322015	ISDBM322016	ISDBM322018	ISDBM322017	0/1	1/1	0/0	0/1	96	29	32	23	99	81	81	99	true	true	false	PATERNAL_ONLY_HIGH_EFFECT
GRCh37/b37:6:31124849:C:T	6	31124849	rs115419545	C	T	CCHCR1	NM_001105563.1	STOP_GAINED	HIGH	maternal	ISDBM322015	ISDBM322016	ISDBM322018	ISDBM322017	0/1	0/0	0/1	0/0	13	37	37	44	99	99	99	99	true	true	true	BIPARENTAL_HIGH_EFFECT_LURE
GRCh37/b37:6:31124849:C:T	6	31124849	rs115419545	C	T	CCHCR1	NM_001105564.1.4	STOP_GAINED	HIGH	maternal	ISDBM322015	ISDBM322016	ISDBM322018	ISDBM322017	0/1	0/0	0/1	0/0	13	37	37	44	99	99	99	99	true	true	true	BIPARENTAL_HIGH_EFFECT_LURE
GRCh37/b37:6:31125257:C:A	6	31125257	rs72856718	C	A	CCHCR1	NM_001105563.1	STOP_GAINED	HIGH	paternal	ISDBM322015	ISDBM322016	ISDBM322018	ISDBM322017	0/1	1/1	0/0	0/1	32	12	24	16	99	36	72	99	true	true	true	BIPARENTAL_HIGH_EFFECT_LURE
GRCh37/b37:6:31125257:C:A	6	31125257	rs72856718	C	A	CCHCR1	NM_001105564.1.4	STOP_GAINED	HIGH	paternal	ISDBM322015	ISDBM322016	ISDBM322018	ISDBM322017	0/1	1/1	0/0	0/1	32	12	24	16	99	36	72	99	true	true	true	BIPARENTAL_HIGH_EFFECT_LURE
GRCh37/b37:6:132203615:G:A	6	132203615	.	G	A	ENPP1	NM_006208.2	SPLICE_SITE_DONOR	HIGH	maternal	ISDBM322015	ISDBM322016	ISDBM322018	ISDBM322017	0/1	0/0	0/1	0/1	85	58	49	48	99	99	99	99	true	true	false	MATERNAL_ONLY_HIGH_EFFECT
GRCh37/b37:6:154567863:C:T	6	154567863	rs34427887	C	T	OPRM1	NM_001008503.1	STOP_GAINED	HIGH	maternal	ISDBM322015	ISDBM322016	ISDBM322018	ISDBM322017	0/1	0/0	0/1	0/1	32	38	30	37	99	99	99	99	true	true	false	MATERNAL_ONLY_HIGH_EFFECT
GRCh37/b37:7:44610376:G:A	7	44610376	.	G	A	DDX56	NM_019082.3	STOP_GAINED	HIGH	paternal	ISDBM322015	ISDBM322016	ISDBM322018	ISDBM322017	0/1	0/1	0/0	0/1	63	42	46	21	99	99	99	99	true	true	false	PATERNAL_ONLY_HIGH_EFFECT
GRCh37/b37:7:76069617:TG:T	7	76069617	.	TG	T	ZP3	NM_007155.5	FRAME_SHIFT	HIGH	maternal	ISDBM322015	ISDBM322016	ISDBM322018	ISDBM322017	0/1	0/0	0/1	0/1	28	11	13	16	99	33	99	99	true	true	false	MATERNAL_ONLY_HIGH_EFFECT
GRCh37/b37:7:76069617:TG:T	7	76069617	.	TG	T	ZP3	NM_001110354.1	FRAME_SHIFT	HIGH	maternal	ISDBM322015	ISDBM322016	ISDBM322018	ISDBM322017	0/1	0/0	0/1	0/1	28	11	13	16	99	33	99	99	true	true	false	MATERNAL_ONLY_HIGH_EFFECT
GRCh37/b37:8:7718227:C:CT	8	7718227	.	C	CT	SPAG11A	NM_001081552.2	FRAME_SHIFT	HIGH	maternal	ISDBM322015	ISDBM322016	ISDBM322018	ISDBM322017	0/1	0/0	0/1	0/1	24	26	16	15	99	66	99	93	true	true	false	MATERNAL_ONLY_HIGH_EFFECT
GRCh37/b37:8:39872935:T:A	8	39872935	rs4503083	T	A	IDO2	NM_194294.2	STOP_GAINED	HIGH	maternal	ISDBM322015	ISDBM322016	ISDBM322018	ISDBM322017	0/1	0/0	0/1	0/1	26	33	41	39	99	99	99	99	true	true	false	MATERNAL_ONLY_HIGH_EFFECT
GRCh37/b37:9:125391241:G:A	9	125391241	rs1476860	G	A	OR1B1	NM_001004450.1	STOP_GAINED	HIGH	maternal	ISDBM322015	ISDBM322016	ISDBM322018	ISDBM322017	0/1	0/0	0/1	0/1	13	13	12	12	99	36	99	99	true	true	true	BIPARENTAL_HIGH_EFFECT_LURE
GRCh37/b37:9:125391770:C:CA	9	125391770	rs72541201	C	CA	OR1B1	NM_001004450.1	FRAME_SHIFT	HIGH	paternal	ISDBM322015	ISDBM322016	ISDBM322018	ISDBM322017	0/1	1/1	0/0	0/1	31	30	31	29	99	44	89	99	true	true	true	BIPARENTAL_HIGH_EFFECT_LURE
GRCh37/b37:10:27702256:G:GC	10	27702256	rs112067123	G	GC	PTCHD3	NM_001034842.3	FRAME_SHIFT	HIGH	paternal	ISDBM322015	ISDBM322016	ISDBM322018	ISDBM322017	0/1	0/1	0/0	0/1	57	41	26	33	99	99	69	99	true	true	false	PATERNAL_ONLY_HIGH_EFFECT
GRCh37/b37:10:32740798:C:CT	10	32740798	.	C	CT	CCDC7	NM_001026383.1	FRAME_SHIFT	HIGH	paternal	ISDBM322015	ISDBM322016	ISDBM322018	ISDBM322017	0/1	0/1	0/0	0/1	22	21	24	12	99	99	60	99	true	true	false	PATERNAL_ONLY_HIGH_EFFECT
GRCh37/b37:10:32740798:C:CT	10	32740798	.	C	CT	CCDC7	NM_145023.4	FRAME_SHIFT	HIGH	paternal	ISDBM322015	ISDBM322016	ISDBM322018	ISDBM322017	0/1	0/1	0/0	0/1	22	21	24	12	99	99	60	99	true	true	false	PATERNAL_ONLY_HIGH_EFFECT
GRCh37/b37:10:33136818:TAA:T	10	33136818	.	TAA	T	C10orf68	NM_024688.2	FRAME_SHIFT	HIGH	maternal	ISDBM322015	ISDBM322016	ISDBM322018	ISDBM322017	0/1	0/0	0/1	0/0	43	64	53	61	99	99	99	99	true	true	false	MATERNAL_ONLY_HIGH_EFFECT
GRCh37/b37:10:124214355:C:T	10	124214355	rs2736911	C	T	ARMS2	NM_001099667.1	STOP_GAINED	HIGH	maternal	ISDBM322015	ISDBM322016	ISDBM322018	ISDBM322017	0/1	0/0	1/1	0/1	85	29	25	16	99	78	48	99	true	true	false	MATERNAL_ONLY_HIGH_EFFECT
GRCh37/b37:11:4389404:AG:A	11	4389404	rs74427348	AG	A	OR52B4	NM_001005161.3	FRAME_SHIFT	HIGH	maternal	ISDBM322015	ISDBM322016	ISDBM322018	ISDBM322017	0/1	0/0	0/1	0/0	38	11	19	10	99	33	99	30	true	true	false	MATERNAL_ONLY_HIGH_EFFECT
GRCh37/b37:11:4790873:CG:C	11	4790873	rs34672924	CG	C	OR51F1	NM_001004752.1	FRAME_SHIFT	HIGH	maternal	ISDBM322015	ISDBM322016	ISDBM322018	ISDBM322017	0/1	0/0	0/1	0/0	16	32	26	16	99	90	99	48	true	true	false	MATERNAL_ONLY_HIGH_EFFECT
GRCh37/b37:11:5877979:T:A	11	5877979	rs12419602	T	A	OR52E8	NM_001005168.1	STOP_LOST	HIGH	paternal	ISDBM322015	ISDBM322016	ISDBM322018	ISDBM322017	0/1	1/1	0/0	0/1	56	45	52	61	99	99	99	99	true	true	false	PATERNAL_ONLY_HIGH_EFFECT
GRCh37/b37:11:48266736:C:G	11	48266736	rs7120775	C	G	OR4X2	NM_001004727.1	STOP_GAINED	HIGH	paternal	ISDBM322015	ISDBM322016	ISDBM322018	ISDBM322017	0/1	0/1	0/0	0/1	59	31	39	33	99	99	99	99	true	true	false	PATERNAL_ONLY_HIGH_EFFECT
GRCh37/b37:11:48286231:T:A	11	48286231	rs10838851	T	A	OR4X1	NM_001004726.1	STOP_GAINED	HIGH	paternal	ISDBM322015	ISDBM322016	ISDBM322018	ISDBM322017	0/1	0/1	0/0	0/1	60	38	43	36	99	99	99	99	true	true	false	PATERNAL_ONLY_HIGH_EFFECT
GRCh37/b37:11:61165731:C:CA	11	61165731	rs11382548	C	CA	TMEM216	NM_001173991.2	SPLICE_SITE_ACCEPTOR	HIGH	maternal	ISDBM322015	ISDBM322016	ISDBM322018	ISDBM322017	0/1	0/0	1/1	0/1	18	14	23	11	99	42	69	99	true	true	false	MATERNAL_ONLY_HIGH_EFFECT
GRCh37/b37:11:61165731:C:CA	11	61165731	rs11382548	C	CA	TMEM216	NM_016499.5	SPLICE_SITE_ACCEPTOR	HIGH	maternal	ISDBM322015	ISDBM322016	ISDBM322018	ISDBM322017	0/1	0/0	1/1	0/1	18	14	23	11	99	42	69	99	true	true	false	MATERNAL_ONLY_HIGH_EFFECT
GRCh37/b37:11:61165741:G:C	11	61165741	rs10897158	G	C	TMEM216	NM_001173990.2	SPLICE_SITE_ACCEPTOR	HIGH	maternal	ISDBM322015	ISDBM322016	ISDBM322018	ISDBM322017	0/1	0/0	1/1	0/1	21	13	22	11	99	39	66	99	true	true	false	MATERNAL_ONLY_HIGH_EFFECT
GRCh37/b37:11:118949277:C:G	11	118949277	rs36008744	C	G	VPS11	NM_021729.4	STOP_GAINED	HIGH	paternal	ISDBM322015	ISDBM322016	ISDBM322018	ISDBM322017	0/1	0/1	0/0	0/0	33	34	47	40	99	99	99	99	true	true	false	PATERNAL_ONLY_HIGH_EFFECT
GRCh37/b37:12:51723598:A:AG	12	51723598	rs60311818	A	AG	CELA1	NM_001971.5	FRAME_SHIFT	HIGH	maternal	ISDBM322015	ISDBM322016	ISDBM322018	ISDBM322017	0/1	0/0	0/1	0/0	49	28	18	20	99	81	99	57	true	true	false	MATERNAL_ONLY_HIGH_EFFECT
GRCh37/b37:12:54734289:A:G	12	54734289	rs11170877	A	G	COPZ1	NM_001271736.1	START_LOST	HIGH	paternal	ISDBM322015	ISDBM322016	ISDBM322018	ISDBM322017	0/1	0/1	0/0	0/0	33	15	22	20	99	99	51	60	true	true	false	PATERNAL_ONLY_HIGH_EFFECT
GRCh37/b37:12:55820958:CA:C	12	55820958	rs57387180	CA	C	OR6C76	NM_001005183.1	FRAME_SHIFT	HIGH	paternal	ISDBM322015	ISDBM322016	ISDBM322018	ISDBM322017	0/1	0/1	0/0	0/1	14	11	21	16	99	89	45	43	true	true	false	PATERNAL_ONLY_HIGH_EFFECT
GRCh37/b37:13:31531009:G:A	13	31531009	rs12857479	G	A	TEX26	NM_152325.1	SPLICE_SITE_ACCEPTOR	HIGH	paternal	ISDBM322015	ISDBM322016	ISDBM322018	ISDBM322017	0/1	1/1	0/0	0/1	25	25	30	27	99	75	87	99	true	true	false	PATERNAL_ONLY_HIGH_EFFECT
GRCh37/b37:14:23371267:CA:C	14	23371267	.	CA	C	RBM23	NM_001077352.1	FRAME_SHIFT	HIGH	maternal	ISDBM322015	ISDBM322016	ISDBM322018	ISDBM322017	0/1	0/0	0/1	0/1	36	21	27	32	99	62	99	99	true	true	false	MATERNAL_ONLY_HIGH_EFFECT
GRCh37/b37:14:23371267:CA:C	14	23371267	.	CA	C	RBM23	NM_018107.4	FRAME_SHIFT	HIGH	maternal	ISDBM322015	ISDBM322016	ISDBM322018	ISDBM322017	0/1	0/0	0/1	0/1	36	21	27	32	99	62	99	99	true	true	false	MATERNAL_ONLY_HIGH_EFFECT
GRCh37/b37:14:23371267:CA:C	14	23371267	.	CA	C	RBM23	NM_001077351.1	FRAME_SHIFT	HIGH	maternal	ISDBM322015	ISDBM322016	ISDBM322018	ISDBM322017	0/1	0/0	0/1	0/1	36	21	27	32	99	62	99	99	true	true	false	MATERNAL_ONLY_HIGH_EFFECT
GRCh37/b37:14:23371269:GCA:G	14	23371269	.	GCA	G	RBM23	NM_001077352.1	FRAME_SHIFT	HIGH	maternal	ISDBM322015	ISDBM322016	ISDBM322018	ISDBM322017	0/1	0/0	0/1	0/1	33	20	27	31	99	60	99	99	true	true	false	MATERNAL_ONLY_HIGH_EFFECT
GRCh37/b37:14:23371269:GCA:G	14	23371269	.	GCA	G	RBM23	NM_018107.4	FRAME_SHIFT	HIGH	maternal	ISDBM322015	ISDBM322016	ISDBM322018	ISDBM322017	0/1	0/0	0/1	0/1	33	20	27	31	99	60	99	99	true	true	false	MATERNAL_ONLY_HIGH_EFFECT
GRCh37/b37:14:23371269:GCA:G	14	23371269	.	GCA	G	RBM23	NM_001077351.1	FRAME_SHIFT	HIGH	maternal	ISDBM322015	ISDBM322016	ISDBM322018	ISDBM322017	0/1	0/0	0/1	0/1	33	20	27	31	99	60	99	99	true	true	false	MATERNAL_ONLY_HIGH_EFFECT
GRCh37/b37:14:51378590:CT:C	14	51378590	rs11356035	CT	C	PYGL	NM_001163940.1	SPLICE_SITE_ACCEPTOR	HIGH	maternal	ISDBM322015	ISDBM322016	ISDBM322018	ISDBM322017	0/1	0/0	0/1	0/1	72	29	31	40	99	84	99	99	true	true	false	MATERNAL_ONLY_HIGH_EFFECT
GRCh37/b37:14:51378590:CT:C	14	51378590	rs11356035	CT	C	PYGL	NM_002863.4	SPLICE_SITE_ACCEPTOR	HIGH	maternal	ISDBM322015	ISDBM322016	ISDBM322018	ISDBM322017	0/1	0/0	0/1	0/1	72	29	31	40	99	84	99	99	true	true	false	MATERNAL_ONLY_HIGH_EFFECT
GRCh37/b37:14:96730313:G:A	14	96730313	.	G	A	BDKRB1	NM_000710.3	STOP_GAINED	HIGH	maternal	ISDBM322015	ISDBM322016	ISDBM322018	ISDBM322017	0/1	0/0	0/1	0/0	32	14	18	18	99	42	99	54	true	true	false	MATERNAL_ONLY_HIGH_EFFECT
GRCh37/b37:15:31294714:C:A	15	31294714	rs3784589	C	A	TRPM1	NM_002420.5	STOP_GAINED	HIGH	paternal	ISDBM322015	ISDBM322016	ISDBM322018	ISDBM322017	0/1	0/1	0/0	0/0	59	56	60	46	99	99	99	99	true	true	false	PATERNAL_ONLY_HIGH_EFFECT
GRCh37/b37:15:31294714:C:A	15	31294714	rs3784589	C	A	TRPM1	NM_001252024.1	STOP_GAINED	HIGH	paternal	ISDBM322015	ISDBM322016	ISDBM322018	ISDBM322017	0/1	0/1	0/0	0/0	59	56	60	46	99	99	99	99	true	true	false	PATERNAL_ONLY_HIGH_EFFECT
GRCh37/b37:15:31294714:C:A	15	31294714	rs3784589	C	A	TRPM1	NM_001252020.1	STOP_GAINED	HIGH	paternal	ISDBM322015	ISDBM322016	ISDBM322018	ISDBM322017	0/1	0/1	0/0	0/0	59	56	60	46	99	99	99	99	true	true	false	PATERNAL_ONLY_HIGH_EFFECT
GRCh37/b37:16:1306559:AG:A	16	1306559	rs3830782	AG	A	TPSD1	NM_012217.2	FRAME_SHIFT	HIGH	maternal	ISDBM322015	ISDBM322016	ISDBM322018	ISDBM322017	0/1	0/0	0/1	0/1	24	12	11	22	99	36	99	99	true	true	false	MATERNAL_ONLY_HIGH_EFFECT
GRCh37/b37:16:81056441:T:G	16	81056441	rs3743503	T	G	CENPN	NM_018455.5	STOP_LOST	HIGH	paternal	ISDBM322015	ISDBM322016	ISDBM322018	ISDBM322017	0/1	0/1	0/0	0/0	18	47	36	36	99	99	99	99	true	true	false	PATERNAL_ONLY_HIGH_EFFECT
GRCh37/b37:17:42979026:T:C	17	42979026	rs74349463	T	C	CCDC103	NM_001258398.1	SPLICE_SITE_DONOR	HIGH	maternal	ISDBM322015	ISDBM322016	ISDBM322018	ISDBM322017	0/1	0/0	0/1	0/0	32	24	19	13	99	72	99	39	true	true	false	MATERNAL_ONLY_HIGH_EFFECT
GRCh37/b37:17:42979026:T:C	17	42979026	rs74349463	T	C	CCDC103	NM_001258399.1	SPLICE_SITE_DONOR	HIGH	maternal	ISDBM322015	ISDBM322016	ISDBM322018	ISDBM322017	0/1	0/0	0/1	0/0	32	24	19	13	99	72	99	39	true	true	false	MATERNAL_ONLY_HIGH_EFFECT
GRCh37/b37:17:45468858:T:G	17	45468858	rs118004742	T	G	EFCAB13	NM_001195192.1	STOP_GAINED	HIGH	maternal	ISDBM322015	ISDBM322016	ISDBM322018	ISDBM322017	0/1	0/0	0/1	0/0	20	39	47	44	99	99	99	99	true	true	false	MATERNAL_ONLY_HIGH_EFFECT
GRCh37/b37:17:45468858:T:G	17	45468858	rs118004742	T	G	EFCAB13	NM_152347.4	STOP_GAINED	HIGH	maternal	ISDBM322015	ISDBM322016	ISDBM322018	ISDBM322017	0/1	0/0	0/1	0/0	20	39	47	44	99	99	99	99	true	true	false	MATERNAL_ONLY_HIGH_EFFECT
GRCh37/b37:17:72588806:C:A	17	72588806	rs545652	C	A	C17orf77	NM_152460.2	STOP_GAINED	HIGH	maternal	ISDBM322015	ISDBM322016	ISDBM322018	ISDBM322017	0/1	0/0	0/1	0/0	41	18	13	20	99	54	99	60	true	true	false	MATERNAL_ONLY_HIGH_EFFECT
GRCh37/b37:19:6897464:C:G	19	6897464	rs330880	C	G	EMR1	NM_001256255.1	SPLICE_SITE_DONOR	HIGH	paternal	ISDBM322015	ISDBM322016	ISDBM322018	ISDBM322017	0/1	1/1	0/0	0/1	32	21	25	30	99	63	75	99	true	true	false	PATERNAL_ONLY_HIGH_EFFECT
GRCh37/b37:19:23844937:CA:C	19	23844937	.	CA	C	ZNF675	NM_138330.2	FRAME_SHIFT	HIGH	paternal	ISDBM322015	ISDBM322016	ISDBM322018	ISDBM322017	0/1	0/1	0/0	0/0	73	53	84	68	99	99	99	99	true	true	false	PATERNAL_ONLY_HIGH_EFFECT
GRCh37/b37:19:52004791:G:GC	19	52004791	rs67024588	G	GC	SIGLEC12	NM_053003.2	FRAME_SHIFT	HIGH	maternal	ISDBM322015	ISDBM322016	ISDBM322018	ISDBM322017	0/1	0/0	1/1	0/1	61	28	24	30	99	72	66	99	true	true	false	MATERNAL_ONLY_HIGH_EFFECT
GRCh37/b37:19:52803669:CTG:C	19	52803669	rs3217319	CTG	C	ZNF480	NM_144684.2	FRAME_SHIFT	HIGH	maternal	ISDBM322015	ISDBM322016	ISDBM322018	ISDBM322017	0/1	0/0	1/1	0/1	63	53	65	56	99	99	99	99	true	true	false	MATERNAL_ONLY_HIGH_EFFECT
GRCh37/b37:19:55019261:C:T	19	55019261	rs61737751	C	T	LAIR2	NM_021270.3	STOP_GAINED	HIGH	maternal	ISDBM322015	ISDBM322016	ISDBM322018	ISDBM322017	0/1	0/0	0/1	0/0	34	32	30	31	99	96	99	90	true	true	false	MATERNAL_ONLY_HIGH_EFFECT
GRCh37/b37:19:55019261:C:T	19	55019261	rs61737751	C	T	LAIR2	NM_002288.4	STOP_GAINED	HIGH	maternal	ISDBM322015	ISDBM322016	ISDBM322018	ISDBM322017	0/1	0/0	0/1	0/0	34	32	30	31	99	96	99	90	true	true	false	MATERNAL_ONLY_HIGH_EFFECT
GRCh37/b37:20:31756954:G:A	20	31756954	rs17124277	G	A	BPIFA2	NM_080574.2	START_LOST	HIGH	paternal	ISDBM322015	ISDBM322016	ISDBM322018	ISDBM322017	0/1	0/1	0/0	0/1	102	42	48	50	99	99	99	99	true	true	false	PATERNAL_ONLY_HIGH_EFFECT
GRCh37/b37:21:11029596:AC:A	21	11029596	rs138714104	AC	A	BAGE2	NM_182482.2	SPLICE_SITE_DONOR	HIGH	maternal	ISDBM322015	ISDBM322016	ISDBM322018	ISDBM322017	0/1	0/0	0/1	0/1	41	46	31	40	99	50	99	99	true	true	false	MATERNAL_ONLY_HIGH_EFFECT
GRCh37/b37:21:11029596:AC:A	21	11029596	rs138714104	AC	A	BAGE3	NM_182481.1	SPLICE_SITE_DONOR	HIGH	maternal	ISDBM322015	ISDBM322016	ISDBM322018	ISDBM322017	0/1	0/0	0/1	0/1	41	46	31	40	99	50	99	99	true	true	false	MATERNAL_ONLY_HIGH_EFFECT
GRCh37/b37:21:31744127:A:T	21	31744127	rs877346	A	T	KRTAP13-2	NM_181621.3	STOP_GAINED	HIGH	paternal	ISDBM322015	ISDBM322016	ISDBM322018	ISDBM322017	0/1	0/1	0/0	0/0	27	20	26	24	99	99	66	72	true	true	false	PATERNAL_ONLY_HIGH_EFFECT
GRCh37/b37:22:32875190:G:A	22	32875190	rs11107	G	A	FBXO7	NM_001257990.1	START_LOST	HIGH	paternal	ISDBM322015	ISDBM322016	ISDBM322018	ISDBM322017	0/1	0/1	0/0	0/1	36	33	39	36	99	99	99	99	true	true	false	PATERNAL_ONLY_HIGH_EFFECT
GRCh37/b37:22:41257834:T:TA	22	41257834	.	T	TA	DNAJB7	NM_145174.1	FRAME_SHIFT	HIGH	paternal	ISDBM322015	ISDBM322016	ISDBM322018	ISDBM322017	0/1	0/1	0/0	0/1	78	74	78	74	99	99	99	99	true	true	false	PATERNAL_ONLY_HIGH_EFFECT
